room_size,mpi_16-slots_fillup,mpi_2-slots_fillup,mpi_4-slots_fillup,mpi_8-slots_fillup,seq
16,,0.160424,0.272753,0.325381,0.0
32,0.423057,0.179913,0.371193,0.389337,0.0
64,0.527294,0.203752,0.249713,0.619938,0.01
