room_size,mpi_16-slots_fillup,mpi_2-slots_fillup,mpi_4-slots_fillup,mpi_8-slots_fillup,seq
16,0.416263,0.160302,0.216476,0.345024,0.0
32,0.60553,0.288177,0.318949,0.425455,0.03
64,0.769784,0.727246,0.606769,0.511427,0.19
128,1.59416,4.41986,2.70986,1.97762,1.46
