room_size,mpi_16-slots_fillup,mpi_2-slots_fillup,mpi_4-slots_fillup,mpi_8-slots_fillup,mpi_2-slots_1perhost,mpi_4-slots_1perhost,seq
16,0.416263,0.16901433333333335,0.21762700000000001,0.30699766666666667,0.451539,0.430151,0.0033333333333333335
32,0.60553,0.2899223333333334,0.28498166666666663,0.38119733333333333,0.281335,0.42317,0.03
64,0.769784,0.7797966666666666,0.588861,0.5837923333333334,0.762512,0.752597,0.18333333333333335
128,1.59416,4.41986,2.70986,1.97762,,,1.46
