room_size,mpi_16-slots_fillup,mpi_2-slots_fillup,mpi_4-slots_fillup,mpi_8-slots_fillup,seq
16,1.08411,0.33999,0.341503,0.575663,0.07
32,3.82864,3.1159,2.26103,2.42038,2.04
64,20.1258,83.6654,43.5106,26.6105,32.93
