room_size,omp_2D_2-slots,omp_2D_4-slots,omp_2D_8-slots,seq_2D
512,1.14482075,1.0430638,0.3046725,1.8380000000000003
1024,4.300076,2.189536,1.1716982,8.004
2048,17.0195052,8.780491600000001,4.866590400000001,32.821999999999996
4096,67.7677048,34.942746,19.4517578,133.94400000000002
