size,n_queens_omp_1-slots,n_queens_omp_2-slots,n_queens_omp_4-slots,n_queens_omp_6-slots,n_queens_omp_8-slots,n_queens_seq
10,0.0096285,0.004985666666666667,0.003046333333333333,0.0022689999999999997,0.0033938333333333333,0.01
12,0.2817203333333333,0.14184583333333334,0.07267699999999999,0.049652999999999996,0.049424166666666665,0.2833333333333334
14,10.89716,5.467365666666667,3.038343,2.2288908333333333,1.5935416666666669,10.950000000000001
16,534.0913268333333,267.61002966666666,135.290983,99.636079,69.15413083333333,540.8000000000001
