room_size,cubes_fillup_1-slots,cubes_fillup_16-slots,cubes_fillup_2-slots,cubes_fillup_32-slots,cubes_fillup_4-slots,cubes_fillup_64-slots,cubes_fillup_8-slots,seq_3D,slabs_fillup_1-slots,slabs_fillup_16-slots,slabs_fillup_2-slots,slabs_fillup_32-slots,slabs_fillup_4-slots,slabs_fillup_64-slots,slabs_fillup_8-slots,slabs_blocking_fillup_1-slots,slabs_blocking_fillup_16-slots,slabs_blocking_fillup_2-slots,slabs_blocking_fillup_32-slots,slabs_blocking_fillup_4-slots,slabs_blocking_fillup_64-slots,slabs_blocking_fillup_8-slots
64,0.822262,0.433466,0.547712,0.898543,0.378945,0.727518,0.300415,0.34,0.510398,0.688281,0.385022,1.252631,0.315281,2.666997,0.253597,0.512085,0.624043,0.383508,1.361771,0.280635,2.693311,0.258161
128,10.338892,1.093765,5.46298,1.004681,2.916663,0.861114,1.636613,5.39,5.62525,1.037517,3.011735,1.563701,1.652214,2.67477,0.955583,5.576653,0.982015,2.982164,1.50581,1.592032,2.806023,0.980546
256,160.130887,13.147641,82.158703,6.975368,43.741065,4.217344,23.000093,85.72,86.315146,6.726642,43.836082,4.523358,22.352499,4.756725,12.493484,86.184856,6.810788,43.654449,4.829401,22.25379,4.740081,11.76003
