room_size,seq_3D,slabs_fillup_16-slots,slabs_fillup_2-slots,slabs_fillup_32-slots,slabs_fillup_4-slots,slabs_fillup_8-slots,slabs_alternative_fillup_16-slots,slabs_alternative_fillup_2-slots,slabs_alternative_fillup_32-slots,slabs_alternative_fillup_4-slots,slabs_alternative_fillup_8-slots,slabs_blocking_fillup_16-slots,slabs_blocking_fillup_2-slots,slabs_blocking_fillup_32-slots,slabs_blocking_fillup_4-slots,slabs_blocking_fillup_8-slots
32,0.21000000000000002,0.75441,0.250803,0.649862,0.238942,0.595122,0.701435,0.183853,,0.1883,0.442301,1.431968,0.246073,0.662907,0.316563,0.7292
64,3.295,1.003527,1.858736,1.479097,1.149438,0.914305,0.997054,1.863918,1.39812,1.015844,0.935473,0.959831,1.849793,1.664455,1.076335,1.032425
128,53.745,5.594391,27.690855,3.879655,14.340998,7.90606,4.428971,27.343566,3.406014,15.32305,7.254553,4.563866,27.322336,3.418627,14.111028,7.300877
256,855.89,62.35155,433.04637,36.8184,220.396228,114.312274,57.906733,431.089489,31.536662,217.97595,110.367875,61.75845,430.397702,32.554211,218.143294,112.295658
