dimensions,real_omp_2,real_omp_8,real_seq,real_omp_1,real_omp_4
256,12.493254,10.280081,17.336182,18.965863,9.115074
