dimensions,mat_mult_seq,mat_mult_v1_1-slots,mat_mult_v1_2-slots,mat_mult_v1_4-slots,mat_mult_v2_1-slots,mat_mult_v2_2-slots,mat_mult_v2_4-slots,mat_mult_v3_1-slots,mat_mult_v3_2-slots,mat_mult_v3_4-slots,mat_mult_v4_1-slots,mat_mult_v4_2-slots,mat_mult_v4_4-slots
512,0.057749999999999996,0.054220250000000005,0.032788,0.02060775,0.06947275,0.03897924999999999,0.027348,0.07243325,0.038268,0.02498225,0.07302825,0.03855925,0.0218425
1024,0.40975000000000006,0.41751400000000005,0.22140825,0.134351,0.532046,0.284652,0.15875525,0.48229524999999995,0.25342625,0.1589215,0.483495,0.254061,0.14570850000000002
2048,3.30025,3.33231975,1.7395737500000001,0.9851397499999999,4.2672550000000005,2.225091,1.2129125,3.61112675,1.88860975,1.1226712499999998,3.60855325,1.89346175,1.141329
